Variable:,tasmin
,"United States",Alabama,Alaska,Arizona,Arkansas,California,Colorado,Connecticut,Delaware,"District of Columbia",Florida,Georgia,Hawaii,Idaho,Illinois,Indiana,Iowa,Kansas,Kentucky,Louisiana,Maine,Maryland,Massachusetts,Michigan,Minnesota,Mississippi,Missouri,Montana,Nebraska,Nevada,"New Hampshire","New Jersey","New Mexico","New York","North Carolina","North Dakota",Ohio,Oklahoma,Oregon,Pennsylvania,"Rhode Island","South Carolina","South Dakota",Tennessee,Texas,Utah,Vermont,Virginia,Washington,"West Virginia",Wisconsin,Wyoming
1901,1.94,10.30,-9.82,6.13,9.64,6.01,-2.42,3.56,6.47,7.57,14.84,10.58,15.07,-0.07,4.84,4.80,2.64,5.06,6.33,12.30,-1.33,5.97,2.43,0.77,-1.73,10.64,6.30,-0.87,1.66,1.11,-0.47,5.05,3.22,1.35,7.84,-2.40,4.20,8.72,1.69,3.40,3.94,9.80,0.32,7.38,11.59,0.19,-0.83,6.11,2.12,4.07,-0.24,-2.02
1902,1.89,11.57,-10.07,5.45,10.08,5.50,-2.48,3.55,6.89,8.09,16.03,11.80,14.70,-0.98,5.36,5.25,2.47,4.99,7.07,13.41,-1.27,6.35,2.28,1.07,-1.53,11.81,6.43,-2.01,1.21,0.56,-0.63,5.25,2.91,1.30,8.40,-3.10,4.48,8.91,1.26,3.40,3.83,10.68,-0.59,8.34,12.24,-0.10,-1.06,6.50,1.95,4.43,0.17,-2.71
1903,1.37,10.80,-10.26,5.27,9.36,5.40,-3.20,3.51,6.60,7.65,15.51,11.33,14.99,-1.61,4.87,4.70,2.15,4.41,6.53,12.46,-1.63,6.12,2.24,0.44,-2.81,10.84,5.98,-2.18,0.87,0.12,-0.82,5.07,1.89,1.25,8.41,-3.83,4.12,7.92,1.02,3.34,3.86,10.58,-0.99,7.70,10.91,-1.08,-1.16,6.30,1.88,4.32,-0.80,-3.54
1904,1.41,10.85,-10.49,5.78,9.55,6.07,-2.43,1.92,5.17,6.51,15.37,11.01,15.00,-0.46,4.02,3.83,1.38,4.33,6.15,12.92,-3.30,4.89,0.60,-0.91,-2.95,11.01,5.65,-1.94,0.63,0.63,-2.47,3.52,2.53,-0.30,7.37,-4.02,3.07,8.44,1.90,1.92,2.32,9.85,-1.08,7.45,11.62,-0.13,-2.76,5.36,2.48,3.55,-1.54,-2.54
1905,2.01,11.28,-8.05,5.94,9.83,5.67,-2.69,2.97,6.16,7.40,16.00,11.67,14.96,-1.06,4.79,4.88,2.06,4.39,6.82,13.48,-2.76,5.78,1.53,0.19,-1.90,11.55,5.89,-1.90,0.62,0.40,-1.59,4.48,2.91,0.70,8.38,-3.22,4.06,8.22,1.44,2.88,3.29,10.76,-0.81,8.12,11.63,-0.26,-1.77,6.30,2.27,4.34,-0.63,-3.14
1906,1.99,11.45,-10.15,5.97,9.92,6.09,-2.43,3.85,7.36,8.64,15.89,11.80,15.44,-0.56,5.51,5.40,2.86,4.80,7.25,13.31,-1.91,6.96,2.36,1.22,-1.21,11.46,6.40,-1.52,1.13,0.98,-0.93,5.78,2.93,1.52,9.02,-2.69,4.79,8.44,1.95,3.85,4.07,11.13,-0.24,8.43,11.53,0.25,-1.20,7.17,2.77,5.18,0.27,-2.97
1907,1.83,11.75,-10.16,6.23,10.50,5.86,-1.83,2.63,5.86,7.06,16.10,11.90,15.38,-0.50,5.14,4.85,2.24,4.92,6.90,13.98,-2.64,5.42,1.35,-0.17,-2.78,11.92,6.62,-2.65,0.82,1.02,-1.69,4.22,3.30,0.47,8.32,-4.60,3.93,9.16,1.61,2.51,2.98,10.99,-1.31,8.41,12.51,0.81,-2.02,6.07,1.85,4.30,-1.00,-2.80
1908,2.06,11.66,-9.48,5.77,10.80,5.28,-2.85,3.86,6.90,8.07,16.11,11.91,14.84,-0.88,5.78,5.63,3.22,5.37,7.39,13.82,-1.76,6.42,2.45,1.00,-0.87,11.97,6.94,-1.63,1.61,0.03,-0.83,5.42,2.40,1.32,8.78,-2.61,4.72,9.20,1.31,3.47,4.26,11.32,0.12,8.73,12.12,-0.80,-1.32,6.57,2.13,4.54,0.38,-3.45
1909,1.59,11.42,-11.12,6.09,10.47,5.53,-2.66,3.60,6.45,7.75,16.09,11.65,14.67,-0.77,5.19,5.09,2.42,4.61,7.14,13.50,-1.59,6.09,2.30,0.86,-1.83,11.59,6.57,-2.66,0.72,0.22,-0.85,5.02,2.64,1.24,8.49,-3.52,4.44,8.85,1.04,3.24,4.00,10.96,-0.68,8.43,12.10,-0.08,-1.27,6.36,1.27,4.47,-0.29,-3.41
1910,1.86,10.76,-10.74,6.91,9.86,5.88,-1.83,3.73,6.60,7.91,14.88,10.91,14.57,-0.55,4.91,4.66,2.45,5.10,6.34,13.15,-1.14,6.25,2.41,0.77,-1.51,11.18,6.24,-1.20,1.50,0.71,-0.67,5.03,3.34,1.16,8.26,-2.81,4.02,8.86,1.41,3.10,4.14,10.34,-0.01,7.62,12.06,0.80,-1.05,6.29,2.19,4.21,-0.35,-2.18
1911,2.06,12.60,-9.85,6.18,11.20,4.77,-2.24,3.83,7.18,8.58,16.91,12.65,14.84,-1.95,6.19,6.08,3.25,5.46,7.97,14.66,-1.98,6.92,2.55,1.49,-1.84,12.82,7.48,-2.99,1.49,-0.70,-0.88,5.55,3.20,1.62,9.36,-3.61,5.45,9.69,0.44,4.05,4.16,11.63,-0.29,9.30,12.80,-0.43,-1.24,7.26,1.21,5.59,0.31,-3.35
1912,1.67,11.04,-7.75,5.23,9.12,5.12,-3.35,3.44,6.41,7.63,16.60,11.61,15.09,-1.51,4.37,4.25,1.55,4.03,6.08,12.79,-2.26,5.91,2.01,-0.32,-2.78,10.96,5.51,-2.38,0.42,-0.45,-1.37,4.63,1.61,0.68,8.36,-3.57,3.68,7.81,1.21,2.83,3.69,10.74,-1.02,7.48,10.97,-0.56,-1.91,6.27,2.01,3.93,-1.50,-3.53
1913,1.97,11.48,-9.24,5.58,10.45,5.34,-2.99,4.73,7.74,9.00,16.29,11.78,15.09,-1.68,6.09,5.92,3.33,5.36,7.69,13.33,-1.00,7.26,3.34,1.28,-1.67,11.58,7.23,-2.55,1.24,-0.34,0.08,6.09,2.08,2.17,9.16,-2.92,5.04,9.04,0.97,4.18,4.94,11.16,-0.13,8.63,11.45,-0.64,-0.33,7.46,1.57,5.19,0.04,-3.39
1914,2.32,11.10,-8.04,7.19,10.43,5.93,-2.18,3.11,6.34,7.49,15.81,11.40,14.92,-0.76,5.64,5.26,3.09,5.63,6.98,13.11,-2.76,5.81,1.65,0.56,-1.64,11.26,7.08,-1.69,1.70,0.77,-1.75,4.49,3.13,0.52,8.32,-2.66,4.16,9.35,1.72,2.85,3.43,10.45,0.06,8.18,11.72,0.33,-2.27,6.34,2.58,4.21,-0.18,-2.62
1915,2.24,11.32,-8.22,5.75,10.16,5.67,-2.80,4.22,6.87,8.04,15.88,11.70,15.18,-0.64,5.47,5.32,2.83,5.07,7.21,13.07,-0.58,6.39,2.94,1.06,-1.09,11.28,6.84,-1.34,1.17,0.59,0.10,5.34,2.02,1.66,8.54,-2.49,4.46,8.82,1.83,3.59,4.35,10.68,-0.35,8.29,11.60,-0.20,-0.28,6.64,2.83,4.67,0.08,-2.68
1916,1.44,11.25,-9.78,6.06,10.23,5.00,-2.93,3.41,6.52,7.53,15.93,11.69,15.03,-2.33,4.98,4.91,1.94,4.41,6.70,13.13,-1.73,5.97,2.06,0.54,-2.92,11.20,6.42,-3.72,0.29,-0.46,-0.99,4.71,2.87,1.11,8.60,-4.42,4.03,8.75,0.08,2.98,3.60,10.86,-1.73,8.03,11.92,-0.77,-1.32,6.40,0.74,4.34,-0.97,-4.22
1917,0.90,10.25,-10.46,5.73,8.82,5.23,-3.27,2.64,5.59,6.72,15.27,10.66,15.17,-1.44,3.51,3.29,0.67,3.70,5.13,12.05,-2.87,5.03,1.33,-1.25,-3.76,10.20,4.86,-2.96,-0.09,-0.30,-2.08,3.89,2.08,-0.15,7.57,-4.70,2.60,7.63,1.19,1.88,2.89,9.78,-2.04,6.66,11.11,-1.06,-2.62,5.39,2.00,3.14,-2.47,-3.77
1918,1.83,11.61,-10.67,6.41,10.15,5.62,-2.41,3.40,6.38,7.64,16.14,11.83,15.48,-0.64,5.16,5.01,2.95,5.29,6.77,13.34,-2.36,5.98,1.99,0.41,-1.38,11.56,6.59,-1.57,1.46,0.31,-1.26,4.67,2.51,0.96,8.65,-2.64,4.33,8.93,1.71,3.14,3.67,10.89,-0.09,8.22,11.73,0.16,-1.55,6.52,2.58,4.67,-0.22,-2.76
1919,1.98,11.73,-9.58,6.22,10.41,5.12,-2.84,4.51,7.25,8.41,16.44,12.00,15.42,-1.46,5.67,5.75,3.06,5.05,7.42,13.63,-1.34,6.76,3.09,1.49,-1.46,11.75,6.81,-2.06,1.48,0.27,-0.18,5.66,2.41,1.97,9.03,-2.92,5.07,8.85,0.77,3.88,4.74,11.35,-0.02,8.71,11.49,-0.24,-0.61,7.11,1.38,5.25,0.24,-3.00
1920,1.64,11.03,-10.58,6.03,10.08,5.18,-2.78,3.55,6.50,7.58,15.59,10.96,15.63,-1.02,5.07,4.77,2.90,5.02,6.56,13.12,-1.80,5.99,2.19,0.49,-1.49,11.21,6.56,-1.65,1.48,0.03,-0.79,4.76,2.28,1.03,8.13,-2.53,4.11,8.77,1.24,2.97,3.86,10.22,0.08,7.90,11.36,-0.05,-1.28,6.28,2.11,4.38,-0.33,-2.99
1921,2.82,12.51,-9.70,6.68,11.67,5.66,-1.45,4.83,7.91,9.29,16.52,12.36,15.68,-0.45,7.51,7.28,4.79,6.48,8.51,14.36,-1.12,7.56,3.40,3.08,-0.08,12.64,8.58,-0.90,2.77,0.89,0.20,6.04,3.34,2.67,9.70,-1.44,6.42,10.12,1.63,4.79,4.98,11.61,1.25,9.61,12.53,0.99,-0.11,8.00,2.01,6.36,2.02,-1.98
1922,2.07,12.64,-9.72,6.30,10.94,5.16,-2.82,4.18,7.32,8.69,16.96,12.60,15.36,-1.98,6.03,5.91,3.48,5.47,7.65,14.27,-1.81,6.90,2.78,1.48,-0.91,12.48,7.35,-2.51,1.42,-0.21,-0.45,5.49,2.73,1.75,9.49,-2.37,5.15,9.35,0.56,3.81,4.47,11.65,-0.27,9.13,12.03,-0.40,-0.90,7.54,1.17,5.46,0.46,-3.49
1923,2.16,11.67,-8.80,6.22,10.71,5.32,-2.91,3.25,6.78,8.21,16.21,11.78,15.45,-1.18,5.62,5.24,3.02,5.42,6.96,13.80,-2.55,6.41,1.81,0.39,-1.57,11.63,7.14,-1.50,1.65,-0.12,-1.48,4.87,2.73,0.68,8.92,-2.39,4.37,9.41,1.56,3.15,3.73,11.05,0.28,8.36,12.14,-0.50,-2.08,6.91,2.45,4.92,-0.18,-2.93
1924,1.27,10.52,-9.85,5.87,9.22,5.32,-3.62,3.21,6.05,7.27,15.90,10.79,15.27,-1.46,4.10,3.94,1.45,4.02,5.84,12.71,-2.09,5.56,1.86,-0.40,-2.78,10.66,5.58,-2.42,0.11,-0.29,-1.33,4.31,2.02,0.39,8.01,-3.49,3.37,8.08,1.01,2.40,3.73,10.15,-1.28,7.08,11.12,-1.05,-1.83,5.86,2.08,3.74,-1.50,-3.74
1925,2.32,11.93,-9.53,6.44,10.66,5.86,-2.16,4.08,6.91,8.09,16.44,11.86,15.53,0.32,5.23,5.08,2.56,5.59,7.08,13.66,-1.74,6.37,2.80,0.53,-1.63,11.92,6.98,-0.70,1.83,1.00,-0.61,5.15,2.93,1.31,9.21,-2.27,4.29,9.36,2.35,3.15,4.58,11.25,0.28,8.63,12.10,0.31,-1.04,6.98,3.19,4.87,-0.36,-1.81
1926,2.53,11.34,-7.09,7.04,10.09,6.67,-2.26,2.85,5.99,7.41,15.83,11.26,15.91,0.02,5.02,4.73,2.66,5.49,6.59,13.25,-2.71,5.64,1.36,-0.17,-2.12,11.33,6.58,-0.77,2.04,1.20,-1.99,4.16,2.82,0.07,8.56,-2.43,4.01,8.95,2.44,2.55,3.26,10.71,0.20,7.98,11.65,0.41,-2.41,6.44,3.22,4.48,-0.94,-2.04
1927,2.15,12.68,-10.44,6.92,11.23,5.86,-2.29,4.24,6.91,8.23,16.45,12.27,15.70,-0.60,5.78,5.59,2.90,5.31,7.58,14.64,-1.04,6.50,3.05,1.07,-1.93,12.68,7.09,-2.39,1.33,0.77,-0.22,5.24,3.24,1.72,9.34,-3.11,4.96,9.45,1.64,3.72,4.87,11.50,-0.61,9.16,12.65,0.45,-0.61,7.25,2.31,5.24,-0.24,-2.75
1928,2.22,11.23,-8.71,6.68,10.04,5.93,-2.62,4.35,6.77,8.05,15.77,11.18,15.43,-1.00,5.40,4.88,3.21,5.34,6.57,12.97,-1.30,6.31,3.06,1.00,-1.08,11.12,6.79,-1.56,1.66,0.63,-0.17,5.30,2.69,1.74,8.55,-2.21,4.40,9.09,1.65,3.59,4.62,10.49,0.29,7.85,11.80,0.10,-0.52,6.69,2.54,4.48,0.25,-2.96
1929,1.78,11.84,-8.43,6.11,9.88,5.50,-3.14,3.92,7.03,8.20,16.76,11.86,15.52,-1.92,4.47,4.37,1.64,4.74,6.65,13.25,-1.62,6.40,2.67,-0.03,-2.87,11.59,5.98,-2.92,0.84,-0.10,-0.62,5.26,2.27,1.39,9.00,-4.09,3.96,8.54,0.56,3.33,4.28,11.05,-1.07,8.34,11.53,-0.66,-1.01,6.97,1.12,4.63,-1.36,-3.62
1930,2.01,11.51,-9.90,6.04,10.14,5.60,-2.81,4.43,7.01,8.28,16.02,11.25,15.68,-1.28,5.64,5.33,3.32,5.49,7.20,13.18,-0.98,6.49,3.30,1.23,-0.86,11.60,6.88,-1.30,2.04,-0.03,-0.04,5.38,2.49,1.83,8.60,-1.79,4.66,9.02,1.02,3.55,4.95,10.61,0.85,8.23,11.72,-0.81,-0.48,6.85,1.88,4.57,0.34,-2.76
1931,2.86,11.79,-9.24,6.81,10.88,6.42,-2.09,5.14,7.91,9.31,16.13,11.54,15.62,-1.00,7.41,6.92,5.30,6.69,8.30,13.20,-0.10,7.55,3.87,3.17,1.34,11.72,8.46,-0.48,3.12,0.71,0.65,6.54,3.07,2.75,8.96,-0.23,6.12,10.10,1.60,4.83,5.56,10.79,2.07,8.93,12.18,-0.12,0.05,7.73,2.56,6.13,2.68,-2.19
1932,1.87,12.21,-10.40,6.01,10.50,5.38,-2.85,4.59,7.32,8.66,16.90,12.36,15.48,-1.67,5.55,5.44,2.63,5.16,7.49,13.61,-0.70,6.87,3.32,1.50,-1.77,12.00,6.80,-1.81,1.42,-0.49,0.17,5.81,2.24,2.10,9.46,-2.51,4.86,8.95,1.09,3.99,5.03,11.65,0.02,8.81,11.58,-0.81,-0.29,7.44,2.13,5.39,-0.15,-3.30
1933,2.21,12.41,-11.05,6.04,11.27,5.24,-1.85,4.42,7.48,8.90,16.76,12.26,14.92,-1.01,6.37,6.17,3.56,6.35,7.88,14.66,-1.38,7.13,3.22,1.47,-1.54,12.66,7.74,-1.14,2.50,-0.13,-0.08,5.87,2.70,2.01,9.54,-2.06,5.48,10.04,1.39,4.18,4.86,11.49,0.87,9.07,12.75,-0.57,-0.61,7.68,2.13,5.75,0.35,-2.06
1934,2.95,11.57,-8.98,7.52,10.73,6.96,-0.71,3.55,6.67,8.04,16.15,11.48,15.87,1.26,6.07,5.49,3.88,6.82,7.17,13.77,-2.06,6.29,2.29,0.96,-0.97,11.81,7.57,0.15,3.03,2.00,-1.06,5.04,3.76,0.90,8.81,-1.15,4.55,10.02,3.30,3.31,4.16,10.73,1.50,8.42,12.61,1.68,-1.65,6.96,3.90,4.80,0.54,-0.80
1935,2.24,11.69,-9.45,6.64,10.62,5.53,-1.76,3.73,6.74,8.13,16.12,11.76,15.64,-1.39,5.69,5.49,3.20,6.25,7.39,13.89,-1.71,6.40,2.42,1.05,-1.49,11.77,7.27,-2.10,2.14,0.35,-0.89,5.22,3.25,1.10,8.87,-2.65,4.79,9.67,1.11,3.50,4.24,10.97,0.47,8.58,12.48,0.22,-1.40,7.01,1.95,5.26,0.03,-2.53
1936,2.19,11.66,-9.18,7.05,10.15,6.20,-1.77,3.99,6.81,8.20,16.53,11.86,15.51,-0.83,5.19,4.99,2.38,5.73,6.96,13.15,-1.45,6.39,2.73,0.44,-2.64,11.41,6.84,-1.41,1.43,0.86,-0.60,5.27,3.27,1.36,8.92,-3.22,4.28,9.38,1.75,3.32,4.47,11.02,-0.17,8.34,11.67,0.58,-1.14,6.99,2.40,4.73,-0.87,-2.37
1937,2.15,11.63,-8.88,6.55,10.23,5.80,-2.48,4.66,7.20,8.55,16.35,11.61,15.61,-1.18,5.09,4.98,2.21,5.39,7.00,13.47,-0.30,6.76,3.56,1.17,-2.23,11.66,6.39,-2.07,1.29,0.26,0.40,5.91,3.01,2.28,8.86,-2.99,4.66,9.08,1.55,3.97,5.18,10.83,-0.38,8.34,11.94,-0.08,-0.05,7.07,2.16,4.94,-0.57,-2.90
1938,2.82,11.93,-8.89,6.42,11.16,5.92,-1.75,4.63,7.48,8.84,16.27,11.87,16.01,0.12,6.84,6.32,4.25,6.68,7.91,14.04,-0.74,7.08,3.33,2.17,-0.56,12.19,8.08,-0.67,2.89,0.72,0.31,6.02,3.07,2.20,9.41,-1.53,5.54,9.98,2.02,4.21,5.05,11.41,1.26,8.99,12.53,0.75,-0.23,7.62,2.82,5.62,1.30,-1.72
1939,2.42,11.62,-9.84,6.51,10.77,5.90,-2.24,4.01,7.41,8.95,16.60,11.84,15.43,-0.23,6.15,5.85,3.64,6.27,7.52,13.88,-1.82,7.12,2.50,1.53,-1.04,11.83,7.51,-0.69,2.49,0.78,-0.83,5.77,2.83,1.45,9.20,-2.06,5.23,9.63,2.01,4.14,4.40,11.30,1.01,8.59,12.18,0.23,-1.36,7.55,3.03,5.34,0.61,-2.16
1940,2.50,10.23,-7.63,7.42,9.12,6.67,-1.71,3.18,5.74,7.43,15.32,10.32,16.10,0.75,4.90,4.61,2.65,5.34,6.00,12.62,-1.78,5.60,1.87,0.91,-1.39,10.28,5.92,-0.62,2.06,1.81,-1.21,4.43,3.32,0.61,7.79,-1.87,3.96,8.37,2.85,2.88,3.63,9.88,0.64,7.00,11.20,1.37,-1.74,6.08,3.69,4.09,-0.14,-1.45
1941,2.93,11.60,-8.54,6.64,10.76,6.25,-1.53,4.18,6.92,8.40,16.33,11.53,15.63,0.36,6.66,6.11,4.54,6.77,7.50,13.88,-1.19,6.62,2.99,2.09,0.26,11.76,7.98,-0.32,3.13,0.94,-0.40,5.48,3.44,1.73,8.64,-0.81,5.23,9.97,2.68,3.79,4.67,10.92,1.73,8.61,12.36,0.67,-0.84,6.97,3.65,4.94,1.52,-1.65
1942,2.27,10.82,-8.52,6.20,10.20,5.60,-2.56,4.30,7.23,8.74,15.71,10.89,15.45,-1.28,5.78,5.49,3.34,5.72,7.04,13.07,-0.77,6.94,3.26,1.45,-0.82,11.15,6.91,-1.48,2.16,0.05,0.18,5.61,2.73,2.01,8.87,-1.83,4.87,9.10,1.70,3.96,4.79,10.70,0.66,8.11,11.44,-0.46,-0.25,7.20,2.66,5.09,0.49,-2.90
1943,2.12,11.05,-8.58,7.12,10.11,5.93,-2.03,3.71,6.72,8.13,15.61,10.85,15.63,-0.97,4.99,4.76,2.33,5.20,6.68,13.21,-1.88,6.33,2.60,0.39,-2.16,11.41,6.31,-2.03,1.60,0.81,-0.84,5.05,3.23,0.89,8.31,-2.84,4.08,9.08,1.39,3.20,4.32,10.32,-0.16,7.96,11.52,0.73,-1.45,6.59,2.03,4.40,-0.69,-2.47
1944,2.28,11.62,-8.54,5.97,10.48,5.34,-2.57,4.06,7.00,8.36,16.10,11.34,15.29,-1.41,5.94,5.62,3.68,6.00,7.27,13.82,-1.02,6.62,3.10,1.71,-0.36,11.90,7.15,-1.68,2.08,-0.52,-0.35,5.49,2.57,1.59,8.58,-2.05,4.74,9.59,1.23,3.74,4.77,10.66,0.33,8.51,11.86,-0.74,-0.85,6.87,2.61,4.69,1.03,-3.45
1945,2.10,11.84,-9.55,6.16,10.32,5.84,-2.48,4.15,7.22,8.64,16.50,11.72,15.80,-0.63,5.27,5.10,2.63,5.21,7.03,13.95,-0.80,6.83,3.14,0.81,-1.71,11.88,6.63,-1.83,1.65,0.39,-0.01,5.61,2.61,1.70,9.28,-3.06,4.37,8.90,1.91,3.64,4.73,11.42,-0.26,8.44,11.93,-0.06,-0.36,7.28,2.65,4.73,-0.47,-2.86
1946,2.41,12.07,-10.34,6.48,10.96,5.42,-1.82,4.31,7.27,8.74,16.93,12.07,15.60,-0.52,6.37,5.94,3.93,6.75,7.60,14.25,-1.19,6.92,3.19,1.47,-1.13,12.20,7.96,-0.96,2.87,0.40,-0.22,5.87,3.25,1.86,9.56,-2.20,5.02,10.19,1.50,3.90,4.95,11.52,0.82,8.91,12.51,0.51,-0.58,7.53,2.36,5.38,0.51,-1.80
1947,2.22,11.27,-9.29,6.62,9.83,5.82,-2.21,4.02,6.77,8.24,16.69,11.32,15.37,-0.24,5.46,5.15,3.20,5.67,6.56,13.33,-0.88,6.47,3.08,1.19,-1.18,11.24,6.87,-1.19,2.13,0.39,-0.15,5.42,2.62,1.78,8.70,-2.33,4.73,8.98,2.06,3.71,4.76,10.76,0.28,7.73,11.41,0.39,-0.64,6.87,3.02,4.87,0.22,-2.35
1948,1.71,11.76,-10.83,5.96,9.81,4.76,-2.81,3.76,6.98,8.43,17.21,11.96,15.30,-1.24,5.40,5.27,2.93,5.24,6.80,13.43,-1.59,6.66,2.80,0.96,-1.57,11.44,6.49,-1.78,1.75,-0.64,-0.69,5.34,2.56,1.39,9.27,-2.65,4.58,8.83,0.86,3.47,4.44,11.22,0.09,8.21,11.60,-0.65,-1.06,7.27,1.87,5.17,-0.15,-2.83
1949,2.15,12.48,-9.60,6.07,10.59,5.15,-2.56,5.22,8.53,9.53,16.98,12.39,14.99,-1.42,6.00,6.22,3.05,5.43,7.75,14.29,-0.23,8.00,4.32,2.11,-1.10,12.37,6.93,-2.45,1.52,-0.44,0.96,6.73,2.59,2.81,10.08,-2.97,5.72,9.05,0.75,4.75,5.94,11.88,-0.22,9.18,11.88,-1.00,0.53,8.15,1.58,6.05,0.58,-2.96
1950,1.81,11.53,-9.60,6.57,10.12,6.11,-2.46,3.94,7.14,8.24,16.04,11.38,15.90,-0.60,4.58,4.68,1.36,4.59,6.77,13.71,-1.24,6.66,2.88,0.28,-3.29,11.57,5.79,-2.70,0.48,0.86,-0.39,5.45,3.06,1.42,9.10,-4.55,4.19,8.59,1.61,3.44,4.63,10.90,-1.66,8.25,11.94,-0.13,-0.78,7.02,1.81,4.92,-1.54,-2.85
1951,1.67,11.52,-9.93,6.21,9.96,5.64,-2.96,4.66,7.27,8.36,16.06,11.30,15.98,-1.31,4.76,4.76,1.71,4.55,6.67,13.49,-0.51,6.76,3.53,0.93,-2.42,11.48,6.00,-3.18,0.52,0.28,0.20,5.78,2.82,2.04,8.79,-4.11,4.24,8.63,1.18,3.68,5.31,10.70,-1.47,8.07,11.75,-0.38,-0.17,6.80,1.98,4.73,-0.86,-3.42
1952,2.16,11.32,-9.40,6.36,10.01,5.65,-2.49,5.01,7.62,8.86,16.10,11.35,15.51,-1.47,5.77,5.77,3.17,5.45,7.33,13.00,-0.21,7.19,3.80,1.96,-0.76,11.20,6.76,-1.73,1.71,0.07,0.41,6.14,2.87,2.50,8.96,-2.11,5.01,9.17,1.05,4.19,5.58,10.81,0.27,8.32,11.72,-0.36,0.06,7.23,2.27,5.30,0.50,-2.89
1953,2.69,11.59,-9.20,6.15,10.35,5.58,-1.60,5.39,7.88,9.16,16.68,11.54,15.51,0.16,6.14,5.95,3.74,6.34,7.44,13.69,0.37,7.45,4.34,2.53,-0.20,11.65,7.50,-0.10,2.67,0.49,1.02,6.36,2.74,3.02,9.22,-0.86,5.20,9.70,2.11,4.57,5.95,11.07,1.39,8.45,12.11,0.39,0.78,7.55,3.38,5.38,1.05,-1.46
1954,2.49,11.42,-10.14,7.14,10.74,5.70,-1.05,4.63,7.29,8.50,15.96,11.21,15.77,-0.60,6.43,6.10,4.10,6.65,7.58,13.59,-0.60,6.87,3.49,1.77,-0.44,11.75,7.91,-1.07,2.86,0.55,0.07,5.73,3.77,2.02,8.70,-1.36,5.09,10.15,1.21,4.00,5.16,10.72,1.11,8.59,12.46,0.89,-0.39,6.91,2.28,5.10,0.84,-1.70
1955,1.72,11.38,-10.74,5.95,10.12,5.12,-2.56,4.70,7.20,8.45,15.90,11.18,15.17,-1.78,5.69,5.46,2.95,5.47,7.26,13.55,-0.80,6.77,3.62,1.95,-1.52,11.59,6.94,-2.62,1.56,-0.57,0.09,5.86,2.55,2.03,8.83,-2.98,4.82,9.14,0.61,3.92,5.31,10.77,-0.12,8.35,11.88,-0.70,-0.44,6.88,1.44,4.74,0.23,-3.03
1956,1.78,11.48,-11.49,6.17,10.24,5.31,-2.23,4.08,7.27,8.58,15.72,11.28,15.98,-1.10,5.71,5.64,2.97,5.86,7.48,13.41,-1.60,6.86,2.93,1.16,-1.75,11.72,7.07,-1.48,1.91,-0.03,-0.82,5.62,2.56,1.35,9.21,-2.65,4.70,9.55,1.20,3.68,4.70,11.01,0.10,8.63,11.95,-0.15,-1.37,7.23,2.32,5.06,-0.19,-2.59
1957,2.70,12.24,-8.26,7.39,10.58,6.15,-1.69,4.61,7.67,8.89,16.87,12.05,15.88,-0.85,5.86,5.67,3.35,5.88,7.65,14.25,-0.79,7.20,3.53,1.29,-1.11,12.34,7.13,-1.29,2.16,0.51,-0.18,6.03,3.71,1.99,9.54,-1.69,4.76,9.41,1.43,3.84,5.21,11.50,0.65,9.08,12.27,0.67,-0.68,7.57,2.43,5.27,0.12,-2.29
1958,2.40,10.54,-8.67,7.41,9.48,6.86,-1.58,3.87,6.45,7.82,15.79,10.44,15.50,0.44,4.72,4.46,2.60,5.50,5.90,12.99,-1.08,6.03,2.88,0.79,-1.20,10.76,6.20,-0.45,1.84,1.18,-0.74,5.12,3.40,1.04,8.09,-1.96,3.64,8.95,3.05,2.89,4.55,9.99,0.32,7.21,11.66,0.87,-1.39,6.15,4.15,3.83,-0.30,-1.81
1959,2.11,11.45,-10.24,7.14,10.06,6.39,-2.10,4.81,7.80,8.99,16.86,11.59,16.31,-0.56,5.70,5.68,2.96,5.32,7.28,13.40,-1.03,7.25,3.66,1.40,-1.17,11.52,6.74,-1.72,1.65,0.54,0.02,6.33,2.70,2.09,9.22,-2.24,4.85,8.73,1.64,4.11,5.30,11.24,0.13,8.36,11.35,0.47,-0.41,7.32,2.54,4.96,-0.08,-2.47
1960,2.04,10.50,-8.88,6.66,9.49,6.17,-2.42,4.07,6.69,7.92,15.72,10.44,16.18,-0.85,4.94,4.84,2.35,5.11,6.21,12.89,-0.73,6.17,3.05,1.11,-1.46,10.65,6.12,-1.54,1.26,0.68,-0.26,5.37,2.54,1.48,8.18,-2.53,3.97,8.71,1.53,3.27,4.68,10.02,-0.30,7.37,11.56,0.31,-0.69,6.28,2.36,4.03,-0.04,-2.41
1961,1.96,10.72,-10.61,6.65,9.59,6.05,-2.44,4.26,7.04,8.31,15.91,10.75,16.31,0.03,5.19,5.23,2.64,4.96,6.65,12.92,-0.82,6.61,3.25,1.53,-0.81,10.86,6.22,-0.58,1.52,0.68,-0.05,5.73,2.40,1.82,8.56,-1.83,4.47,8.53,2.13,3.65,5.01,10.39,0.31,7.73,11.35,0.28,-0.59,6.73,3.08,4.65,0.30,-2.07
1962,2.21,11.06,-8.86,6.79,10.22,5.71,-2.20,3.20,6.43,7.84,15.73,10.87,15.76,-0.59,5.05,4.89,2.62,5.81,6.66,13.46,-1.85,6.05,2.18,0.78,-1.11,11.34,6.53,-1.11,1.81,0.22,-1.13,4.88,3.01,0.86,8.48,-2.00,4.00,9.29,1.50,2.84,3.89,10.53,0.30,7.92,12.09,-0.01,-1.64,6.44,2.70,4.29,-0.18,-2.43
1963,2.21,10.21,-8.90,6.78,9.50,6.03,-1.51,3.40,6.21,7.40,15.44,10.09,16.17,0.03,4.38,3.74,2.86,6.20,5.50,12.84,-1.78,5.66,2.33,0.33,-0.73,10.61,6.30,-0.72,2.65,0.69,-1.04,4.66,2.99,0.59,7.57,-1.38,2.92,9.20,2.10,2.24,4.27,9.72,1.11,6.91,11.96,0.50,-1.65,5.70,3.07,3.16,-0.58,-1.65
1964,1.67,10.93,-10.98,5.76,9.88,5.36,-2.78,3.93,6.88,8.24,16.29,10.93,16.15,-1.58,5.60,5.19,3.21,5.72,6.64,13.34,-1.38,6.44,2.71,1.52,-1.10,11.23,6.80,-1.77,1.65,-0.34,-0.73,5.32,2.19,1.51,8.62,-2.49,4.26,9.12,0.88,3.12,4.49,10.56,0.08,7.87,11.80,-0.87,-1.04,6.64,2.01,4.29,0.34,-3.07
1965,2.04,11.15,-9.99,6.21,10.43,5.71,-2.03,3.76,6.66,7.95,16.22,11.03,15.65,-0.48,5.63,5.42,2.60,5.77,7.06,13.82,-1.76,6.30,2.51,0.95,-1.98,11.57,6.96,-1.94,1.61,0.16,-0.92,5.23,2.92,1.18,8.69,-3.12,4.47,9.46,1.75,3.22,4.23,10.65,-0.21,8.21,12.28,0.30,-1.28,6.68,2.82,4.61,-0.39,-2.31
1966,1.66,10.67,-10.72,6.50,9.58,6.15,-2.45,4.09,6.57,7.95,15.70,10.32,16.18,-0.41,4.73,4.62,2.01,4.90,6.24,13.16,-0.66,6.13,2.95,1.05,-2.03,10.96,5.92,-1.73,1.13,0.43,-0.40,5.35,2.59,1.26,8.08,-3.23,3.82,8.44,1.87,2.96,4.73,9.84,-0.52,7.50,11.33,0.20,-0.93,6.12,3.03,3.92,-0.50,-2.45
1967,2.14,10.65,-8.88,6.31,9.82,6.20,-2.29,3.89,6.14,7.68,15.98,10.28,16.60,0.10,4.98,4.83,2.30,5.30,6.45,13.11,-1.54,5.89,2.77,0.67,-2.09,10.98,6.32,-1.11,1.39,0.85,-0.60,5.10,2.87,1.32,8.05,-2.78,4.06,8.93,2.12,3.10,4.44,9.83,-0.05,7.59,11.80,0.29,-1.01,6.04,3.30,4.12,-0.78,-2.09
1968,1.85,10.02,-9.92,6.16,9.52,6.18,-2.82,4.09,6.86,8.12,14.99,9.83,16.64,-0.52,5.26,5.09,2.90,5.19,6.29,12.54,-1.25,6.43,2.79,1.47,-0.84,10.43,6.31,-1.57,1.42,0.81,-0.67,5.54,2.62,1.20,7.92,-2.37,4.14,8.59,2.01,3.29,4.51,9.61,0.10,7.16,11.27,-0.23,-1.20,6.25,2.77,4.12,0.54,-2.85
1969,2.18,10.42,-8.97,6.92,9.72,6.23,-1.68,4.47,6.93,8.45,15.63,10.22,16.27,-0.60,5.06,4.90,2.46,5.76,6.35,13.16,-0.32,6.60,3.46,1.19,-1.31,10.81,6.40,-2.17,1.84,0.90,0.16,5.73,3.48,1.55,8.22,-2.62,4.02,9.13,1.56,3.35,5.16,9.82,-0.01,7.39,11.92,0.72,-0.44,6.47,2.22,4.14,-0.28,-2.36
1970,2.05,10.88,-9.43,6.33,9.99,6.16,-2.14,4.26,7.05,8.54,15.64,10.73,16.42,-0.20,5.47,5.32,2.72,5.33,6.98,13.21,-1.00,6.80,2.98,1.17,-1.78,11.12,6.66,-1.74,1.54,0.61,-0.34,5.81,2.59,1.39,8.62,-2.83,4.69,8.87,1.68,3.86,4.77,10.34,-0.27,7.92,11.29,0.32,-1.07,6.92,2.25,5.01,-0.08,-2.51
1971,1.83,11.21,-11.20,5.90,10.21,5.40,-2.25,4.48,7.46,8.67,16.05,11.15,16.25,-0.58,5.66,5.50,2.98,5.62,7.20,13.64,-1.22,6.96,3.03,1.17,-1.45,11.48,6.99,-1.69,1.88,0.16,-0.58,6.17,2.65,1.51,9.14,-2.37,4.47,9.10,1.48,3.79,5.05,10.95,-0.03,8.15,11.92,-0.12,-1.05,7.28,2.23,4.89,-0.11,-2.53
1972,1.82,11.31,-10.67,6.57,10.08,6.02,-1.97,4.03,7.14,8.37,16.67,11.30,16.06,-0.45,5.05,5.10,2.25,5.30,7.04,13.73,-1.86,6.62,2.78,0.21,-2.39,11.52,6.56,-1.98,1.37,0.66,-0.70,5.61,2.90,1.07,8.75,-3.06,4.26,8.96,1.45,3.41,4.42,10.68,-0.45,8.05,11.63,0.53,-1.36,6.97,2.12,4.81,-1.10,-2.54
1973,2.44,11.39,-9.99,6.05,10.74,6.17,-2.58,5.40,8.02,9.40,16.34,11.33,16.26,-0.21,6.83,6.68,4.37,6.11,7.90,13.87,0.45,7.61,4.39,2.59,0.23,11.80,7.70,-0.93,2.48,0.79,1.16,6.80,2.15,2.83,9.13,-1.05,5.86,9.39,2.15,4.77,5.98,10.86,1.24,8.72,11.47,-0.33,0.64,7.64,2.78,5.61,1.70,-2.77
1974,2.09,11.10,-10.57,6.61,10.37,6.13,-2.56,4.44,7.24,8.85,16.39,11.14,16.70,-0.35,5.77,5.65,3.16,5.70,7.32,13.94,-1.28,6.95,3.20,0.97,-1.26,11.55,6.94,-0.79,1.91,0.70,-0.19,5.85,2.74,1.55,9.10,-2.22,4.67,9.18,1.72,3.76,5.00,10.98,0.48,8.28,11.78,-0.02,-0.68,7.24,2.79,5.00,0.02,-2.49
1975,1.82,11.28,-10.86,5.50,10.09,5.34,-3.11,5.19,7.87,9.15,16.72,11.46,16.11,-0.83,6.00,6.12,3.15,5.42,7.59,13.67,-0.84,7.47,3.99,1.75,-1.11,11.59,7.02,-1.99,1.52,-0.02,0.41,6.59,1.97,2.33,9.33,-1.99,5.22,8.81,1.57,4.41,5.80,11.33,0.16,8.43,11.19,-0.80,0.01,7.47,2.30,5.36,0.27,-3.12
1976,1.60,9.56,-9.63,6.00,8.96,5.68,-2.71,3.87,6.62,7.83,15.32,9.81,16.32,-1.05,4.19,4.15,2.20,5.00,5.56,12.13,-1.56,6.17,2.81,0.15,-1.86,9.98,5.75,-0.75,1.65,0.12,-0.81,5.19,2.15,0.83,7.71,-2.09,3.34,8.08,1.25,2.82,4.42,9.60,0.42,6.54,10.64,-0.46,-1.32,6.03,2.45,3.49,-1.15,-2.48
1977,2.55,10.95,-8.56,6.89,10.39,6.32,-1.59,4.63,7.38,8.49,15.47,10.67,16.76,-0.34,5.44,5.31,3.41,6.37,6.76,13.41,-0.73,6.83,3.47,1.30,-0.55,11.39,7.13,-1.10,2.68,0.97,0.07,5.84,3.30,1.84,8.65,-1.53,4.18,9.72,1.79,3.54,5.05,10.48,1.00,7.84,11.96,0.64,-0.21,6.91,2.58,4.46,0.44,-1.98
1978,2.16,10.44,-7.44,7.18,9.38,6.55,-2.47,3.59,6.54,7.85,15.87,10.55,16.73,-0.40,4.36,4.21,1.89,4.88,6.06,12.90,-1.81,6.10,2.31,0.15,-1.94,10.65,5.77,-2.31,0.63,0.96,-1.27,5.08,3.37,0.62,8.20,-3.10,3.39,8.58,1.82,2.86,3.94,10.21,-0.84,7.26,11.50,0.55,-1.84,6.37,2.62,4.05,-0.78,-3.35
1979,1.92,10.56,-8.25,6.15,9.08,6.32,-2.77,5.00,7.17,8.28,15.94,10.70,16.60,-0.76,4.28,4.42,1.76,4.57,6.34,12.70,0.16,6.69,3.90,0.45,-2.29,10.67,5.41,-2.12,0.95,0.83,0.59,6.12,2.23,1.88,8.34,-3.42,3.85,8.01,1.91,3.63,5.61,10.22,-0.72,7.48,10.83,-0.39,0.03,6.69,2.54,4.38,-0.76,-3.18
1980,2.43,10.82,-8.68,7.03,10.04,6.35,-1.65,4.12,7.14,8.46,15.90,10.82,16.89,0.13,5.31,5.11,3.13,5.96,6.60,13.27,-1.41,6.66,2.70,0.68,-1.24,11.21,6.72,-0.79,2.23,1.26,-0.90,5.70,3.10,1.17,8.28,-1.64,3.97,9.28,1.98,3.26,4.53,10.27,0.87,7.71,11.74,0.73,-1.32,6.75,2.87,4.30,-0.04,-1.99
1981,3.05,10.44,-7.08,7.79,10.17,7.04,-0.69,4.36,6.84,8.33,15.09,10.10,16.66,0.45,5.59,5.32,3.59,6.49,6.50,13.30,0.05,6.50,3.22,1.28,0.12,11.09,7.05,0.08,2.78,1.74,0.22,5.64,3.63,1.84,7.69,-0.51,4.14,9.70,2.35,3.48,4.82,9.67,1.63,7.52,12.13,1.50,-0.20,6.26,3.18,3.88,0.70,-1.17
1982,2.05,11.66,-9.40,6.82,10.22,5.79,-2.12,4.05,6.95,8.42,17.04,11.56,16.75,-1.05,5.09,5.18,2.52,5.11,6.88,13.91,-1.38,6.60,2.81,0.82,-1.62,11.95,6.33,-2.40,1.31,0.29,-0.74,5.63,3.09,1.27,8.92,-3.02,4.38,8.83,1.35,3.34,4.73,11.19,-0.20,8.23,11.84,-0.04,-1.24,7.05,2.17,4.79,-0.35,-2.98
1983,2.60,10.38,-8.54,7.22,9.63,7.00,-1.70,5.04,7.38,8.53,15.68,10.33,16.09,0.06,5.88,5.84,3.66,5.86,6.93,12.60,0.16,6.89,3.98,1.88,0.10,10.89,6.79,-0.84,2.37,1.47,0.66,6.25,3.11,2.19,8.32,-0.93,4.91,8.75,2.46,3.83,5.74,10.13,1.12,7.74,11.10,1.19,0.07,6.76,3.07,4.70,1.04,-2.20
1984,2.30,10.96,-9.38,6.91,10.04,6.72,-2.25,4.98,7.43,8.74,15.91,10.77,16.98,-1.25,5.67,5.62,3.25,5.67,7.11,13.54,-0.52,7.01,3.70,1.45,-0.40,11.49,6.80,-1.07,2.16,0.50,0.28,6.18,2.97,2.05,8.64,-1.29,4.63,8.97,1.52,3.77,5.50,10.63,0.88,8.04,11.76,-0.36,-0.20,7.21,2.30,5.10,0.71,-2.87
1985,2.00,11.40,-8.89,6.86,10.06,5.89,-2.30,4.72,7.57,9.01,16.39,11.39,16.01,-2.48,4.92,5.33,2.03,5.00,7.00,13.64,-1.42,7.19,3.33,1.08,-1.89,11.67,6.20,-2.25,1.06,-0.03,-0.29,6.33,3.04,1.77,9.02,-3.00,4.45,8.94,0.31,3.80,5.00,11.01,-0.68,8.08,11.80,-0.10,-0.66,7.35,1.29,5.03,-0.44,-3.64
1986,3.02,11.81,-8.60,7.45,10.92,6.83,-1.12,4.56,7.55,8.88,16.72,11.82,16.99,0.13,6.19,6.22,3.88,6.63,7.68,14.13,-1.29,7.12,3.29,1.67,-0.17,12.05,7.59,-0.21,3.01,1.38,-0.12,6.10,3.59,2.03,9.51,-0.76,5.33,10.04,2.53,4.10,4.98,11.56,1.43,8.77,12.46,1.34,-0.49,7.52,3.23,5.35,0.77,-1.47
1987,2.89,10.92,-8.04,6.73,10.40,6.38,-1.87,4.56,7.50,8.86,15.92,10.87,16.64,-0.28,6.59,6.40,4.91,6.48,7.32,13.05,-0.64,7.09,3.20,2.76,1.49,11.19,7.52,0.05,3.01,0.79,-0.05,6.13,2.34,2.14,8.72,0.72,5.41,9.33,2.13,4.17,4.96,10.50,2.26,8.24,11.21,0.61,-0.45,7.08,3.20,5.00,2.29,-1.71
1988,2.28,10.48,-8.13,7.00,9.42,6.36,-2.30,4.32,6.85,7.93,15.62,10.18,17.11,-0.37,4.86,4.85,2.81,5.40,5.99,12.92,-0.62,6.25,3.22,1.23,-1.00,10.79,6.00,-0.56,1.86,0.70,-0.18,5.44,2.51,1.51,7.74,-1.48,3.94,8.50,1.89,3.24,4.94,9.70,0.65,7.09,11.07,0.15,-0.65,5.95,2.98,3.79,0.12,-2.04
1989,2.01,11.10,-8.56,6.99,9.46,5.91,-2.41,4.34,7.25,8.25,16.09,11.02,16.57,-0.79,4.50,4.89,1.96,4.67,6.51,13.14,-1.81,6.62,3.01,0.30,-2.25,11.20,5.62,-1.59,1.02,0.23,-0.67,5.66,2.75,1.15,8.86,-2.68,4.14,8.16,1.34,3.37,4.75,10.91,-0.30,7.74,11.21,-0.18,-1.21,6.94,2.69,4.55,-0.95,-2.59
1990,2.71,11.85,-9.42,6.87,10.88,5.93,-1.75,5.88,8.41,9.69,16.87,11.81,16.86,-0.38,6.46,6.53,3.91,6.25,7.79,14.06,0.17,7.95,4.60,2.09,-0.28,12.08,7.63,-0.81,2.42,0.44,1.19,7.00,3.06,3.09,9.92,-1.26,5.80,9.62,1.84,5.01,6.25,11.89,1.04,8.87,12.22,0.58,0.76,8.09,3.05,5.81,1.10,-1.98
1991,2.95,12.16,-8.35,6.77,11.07,6.13,-1.97,5.66,8.24,9.39,17.12,12.19,16.89,-0.44,6.73,6.86,3.74,6.42,8.27,14.19,-0.46,7.81,4.25,2.28,-0.11,12.39,7.80,-0.41,2.77,0.64,0.73,6.93,2.83,2.79,9.94,-0.58,5.98,9.68,2.03,4.84,5.93,11.88,1.50,9.27,12.02,0.15,0.20,8.09,3.00,6.00,0.91,-1.91
1992,2.57,10.95,-9.26,7.13,10.20,7.06,-1.92,4.07,7.03,8.15,16.11,11.11,16.91,0.15,5.92,5.68,3.55,5.95,6.97,13.40,-1.44,6.63,2.84,1.24,-0.28,11.37,7.06,-0.40,2.38,1.26,-0.55,5.67,2.68,1.34,8.92,-1.27,4.68,9.23,2.81,3.75,4.52,10.76,0.92,8.11,11.86,0.78,-1.16,7.09,3.81,4.91,0.73,-1.91
1993,2.40,10.98,-6.91,6.97,9.89,6.35,-2.49,4.33,7.35,8.24,16.05,11.06,16.65,-1.51,5.64,5.54,2.72,5.05,6.88,13.18,-1.60,6.69,3.11,1.12,-1.43,11.31,6.56,-1.99,1.28,-0.05,-0.38,6.02,2.87,1.28,8.98,-2.71,4.78,8.59,1.23,3.70,4.96,10.88,-0.49,8.00,11.48,-0.15,-1.00,7.07,2.37,5.01,0.26,-3.40
1994,2.78,11.70,-8.87,7.37,10.69,6.29,-1.25,4.60,7.43,8.62,17.18,11.59,17.35,0.28,5.73,5.62,3.11,6.04,6.88,14.02,-1.12,6.91,3.31,1.10,-0.32,11.94,7.22,-0.42,2.47,1.25,-0.08,5.94,3.78,1.47,9.26,-1.66,4.30,9.49,2.31,3.43,5.36,11.28,0.77,8.22,12.32,1.65,-0.58,7.13,3.73,4.60,0.73,-1.19
1995,2.92,11.44,-8.05,7.46,10.48,7.23,-1.38,4.99,7.83,8.93,16.51,11.29,16.96,0.50,5.60,5.68,3.31,5.58,6.94,13.82,-0.74,7.28,3.65,1.59,-0.34,11.58,6.91,-0.71,2.28,1.54,0.40,6.17,3.72,2.08,9.15,-1.48,4.43,9.27,3.01,3.84,5.56,11.08,1.08,8.06,12.04,1.40,0.14,7.17,3.76,4.69,0.91,-1.41
1996,2.21,10.91,-9.70,7.85,10.06,7.40,-1.56,4.94,7.38,8.43,15.93,10.63,17.06,-0.10,4.81,5.10,1.97,4.99,6.56,13.51,-0.23,6.81,3.68,0.72,-2.11,11.29,6.29,-2.20,1.22,1.74,0.53,5.88,3.82,1.98,8.83,-3.33,4.15,8.86,2.37,3.48,5.32,10.40,-0.62,7.79,11.81,1.43,0.20,6.85,2.60,4.44,-0.44,-2.33
1997,2.52,11.17,-8.02,7.41,10.06,6.88,-2.47,4.55,6.52,7.92,16.52,11.04,16.85,-0.25,5.35,5.26,2.89,5.34,6.71,13.59,-1.45,6.12,3.46,1.01,-0.92,11.53,6.42,-1.14,1.76,1.31,-0.25,5.38,3.01,1.30,8.58,-1.62,4.27,8.91,2.43,3.06,5.18,10.68,0.45,7.92,11.53,0.46,-0.95,6.44,3.41,4.32,0.28,-2.53
1998,3.70,12.65,-7.28,7.04,11.96,6.33,-1.61,6.23,8.45,9.73,17.32,12.42,16.09,0.64,7.81,7.70,5.18,7.01,8.80,14.94,0.70,8.05,5.13,3.48,1.59,13.04,8.59,-0.01,3.31,1.39,1.66,7.38,3.68,3.65,10.08,0.03,6.57,10.65,2.89,5.24,6.82,12.10,2.17,9.82,12.97,0.88,1.25,8.12,3.92,6.14,2.75,-1.68
1999,2.72,11.62,-9.98,7.16,11.04,6.04,-1.65,5.58,7.52,8.82,16.37,11.30,16.08,-0.05,6.40,6.28,4.13,6.36,7.59,14.13,0.51,7.06,4.44,2.24,0.62,12.09,7.54,-0.23,2.81,0.98,1.06,6.41,3.55,2.61,9.09,-0.27,5.13,9.94,2.14,4.08,6.18,10.84,1.71,8.78,12.43,0.51,0.53,7.14,3.07,5.00,1.49,-1.75
2000,2.89,11.27,-7.64,8.07,10.62,6.78,-1.62,4.59,6.85,8.31,15.93,10.82,16.57,-0.14,5.84,5.77,3.45,5.92,7.15,13.92,-0.63,6.51,3.48,1.59,-0.63,11.75,6.99,-1.48,2.18,1.70,0.04,5.63,4.19,1.55,8.57,-1.83,4.67,9.67,2.19,3.44,5.21,10.33,0.66,8.36,12.68,1.25,-0.57,6.70,2.66,4.69,0.71,-2.21
2001,3.10,11.32,-8.22,7.96,10.80,6.92,-1.27,5.18,7.67,9.07,16.32,11.18,16.83,0.12,6.60,6.65,4.14,6.45,7.70,13.82,-0.23,7.32,4.08,2.78,0.33,11.78,7.64,-0.62,2.76,1.72,0.62,6.39,4.26,2.50,9.08,-0.97,5.59,9.84,2.15,4.43,5.80,10.85,1.33,8.62,12.38,1.22,0.10,7.34,2.86,5.37,1.71,-1.76
2002,3.10,11.72,-6.88,7.63,10.67,6.65,-2.11,5.50,8.11,9.54,16.71,11.67,16.71,-0.43,6.59,6.69,3.93,5.84,8.04,13.97,-0.32,7.73,4.43,2.46,-0.07,12.04,7.40,-1.31,2.22,1.24,0.90,6.71,3.84,2.76,9.63,-1.66,5.63,9.25,2.08,4.58,6.13,11.38,0.87,9.04,12.01,0.37,0.48,7.85,2.77,5.69,1.50,-2.73
2003,3.12,11.37,-7.35,8.50,10.52,7.61,-1.22,4.48,7.30,8.81,16.41,11.20,16.93,0.88,5.57,5.55,3.25,5.89,7.24,13.83,-1.23,6.95,3.34,1.20,-0.63,11.80,6.93,-0.53,2.37,2.52,-0.32,5.74,4.36,1.37,9.07,-1.83,4.47,9.27,3.15,3.46,5.08,10.80,0.88,8.44,12.04,1.72,-0.92,7.29,3.60,4.93,0.40,-1.57
2004,3.28,11.92,-7.23,8.03,11.03,7.49,-1.54,4.79,7.77,9.35,16.42,11.59,17.28,0.56,6.34,6.26,3.84,6.24,7.91,14.38,-1.17,7.46,3.61,1.71,-0.44,12.35,7.47,-0.67,2.62,2.14,-0.07,6.17,4.03,1.69,9.59,-1.70,5.11,9.80,3.14,3.97,5.37,11.18,1.14,9.04,12.49,1.08,-0.77,7.88,3.88,5.57,0.95,-1.79
2005,3.41,11.56,-7.17,8.48,11.16,7.50,-1.21,5.09,7.83,9.31,16.40,11.41,17.21,0.08,6.73,6.47,4.52,6.61,7.87,14.28,-0.28,7.44,4.01,2.27,0.55,12.12,7.87,-0.65,3.10,2.19,0.47,6.37,4.30,2.23,9.39,-0.69,5.21,9.92,2.44,4.18,5.75,11.06,1.75,8.94,12.40,1.36,-0.17,7.73,3.23,5.51,1.72,-1.73
2006,3.39,11.47,-8.42,8.13,11.35,7.19,-1.35,6.14,8.52,9.81,16.27,11.25,16.99,0.62,7.11,6.99,4.96,6.77,8.03,14.30,0.99,8.06,5.19,3.10,1.15,12.07,8.20,0.10,3.14,1.86,1.73,7.22,4.24,3.31,9.44,-0.24,5.84,10.21,2.56,5.03,6.91,10.96,2.00,8.97,12.67,1.16,1.13,7.94,3.35,5.80,2.42,-1.47
2007,3.29,11.66,-7.58,8.15,11.38,7.08,-1.51,5.10,7.98,9.46,16.72,11.52,17.12,0.45,6.86,6.72,4.39,6.63,8.20,14.29,-0.96,7.60,3.87,2.32,0.07,12.17,8.04,-0.30,2.92,1.79,0.26,6.50,3.95,2.08,9.68,-1.23,5.41,10.14,2.31,4.23,5.69,11.28,1.47,9.24,12.26,1.16,-0.37,7.97,3.12,5.69,1.53,-1.67
2008,2.41,11.15,-8.95,7.78,10.24,6.96,-2.33,5.20,7.80,9.22,16.31,11.08,16.94,-0.42,5.44,5.53,2.73,5.46,7.10,13.77,-0.45,7.37,4.14,1.29,-1.60,11.60,6.51,-1.59,1.51,1.47,0.59,6.34,3.58,2.09,9.29,-2.80,4.48,9.11,1.92,3.92,5.89,10.93,-0.11,8.28,11.82,0.32,-0.13,7.54,2.56,4.98,0.08,-2.95
2009,2.64,11.57,-8.49,7.93,10.53,7.01,-2.24,4.83,7.72,9.23,16.59,11.46,16.55,-0.34,5.90,5.85,3.22,5.50,7.47,14.14,-0.63,7.35,3.74,1.31,-1.05,11.98,7.00,-1.60,1.63,1.50,0.20,6.23,3.85,1.75,9.48,-2.50,4.65,9.17,2.11,3.82,5.48,11.20,0.10,8.64,12.14,0.43,-0.48,7.69,2.69,5.27,0.37,-2.88
2010,3.09,11.03,-7.91,7.70,10.72,7.02,-1.58,6.33,8.14,9.35,15.51,10.80,16.62,0.14,6.59,6.62,3.89,6.34,7.63,13.45,1.39,7.70,5.29,3.15,0.29,11.39,7.51,-1.03,2.61,1.78,1.91,7.25,3.81,3.20,9.15,-1.13,5.48,9.87,2.78,4.77,6.96,10.70,1.30,8.54,12.07,0.82,1.28,7.51,3.42,5.33,1.82,-2.12
2011,2.92,11.71,-8.41,7.33,11.02,6.31,-2.12,6.02,8.59,10.02,16.68,11.56,17.04,-0.52,6.82,6.91,3.93,5.89,8.31,14.12,0.53,8.20,4.83,2.49,-0.10,12.00,7.61,-1.24,2.12,1.02,1.43,7.38,3.58,3.09,9.98,-1.44,5.96,9.77,1.80,5.05,6.55,11.46,0.79,9.15,12.64,0.29,0.81,8.30,2.39,6.21,1.50,-2.51
2012,3.48,12.63,-9.84,8.13,11.97,7.16,-1.07,6.79,9.09,10.40,17.08,12.35,16.75,0.82,7.49,7.40,5.09,7.10,8.66,15.05,1.04,8.64,5.63,3.70,1.39,12.91,8.65,0.02,3.31,2.20,2.18,7.99,4.37,3.88,10.34,-0.21,6.42,10.88,2.59,5.66,7.32,12.02,2.08,9.75,13.36,1.60,1.56,8.53,3.17,6.36,2.80,-1.06
2013,2.75,11.64,-7.95,7.54,10.39,6.79,-2.36,5.30,7.96,9.48,17.02,11.60,16.82,-0.15,5.57,5.92,2.88,5.44,7.52,13.77,-0.09,7.58,4.16,1.65,-1.45,11.76,6.72,-0.99,1.90,1.33,0.84,6.62,3.40,2.41,9.48,-2.52,5.23,9.07,2.18,4.35,5.85,11.27,0.22,8.58,12.05,0.27,0.30,7.70,3.33,5.54,0.28,-2.40
2014,3.03,10.92,-6.53,8.55,9.94,8.53,-1.96,4.87,7.04,8.53,16.39,11.00,17.21,0.65,4.92,4.91,2.34,5.32,6.80,13.21,-0.50,6.65,3.77,0.48,-1.68,11.10,6.33,-1.06,1.59,3.03,0.45,5.89,3.97,1.80,8.95,-2.46,4.12,9.00,3.48,3.42,5.47,10.86,-0.02,8.02,12.05,1.40,-0.06,6.90,3.92,4.62,-0.50,-2.39
2015,3.88,12.83,-6.70,8.62,11.56,8.08,-0.78,5.20,7.92,9.42,18.01,12.74,17.58,1.29,6.70,6.38,4.40,6.78,8.14,14.94,-0.45,7.58,3.94,2.06,0.62,12.99,8.01,0.04,3.19,2.88,0.47,6.69,4.48,2.23,10.25,-0.50,5.29,10.27,3.66,4.35,5.69,12.32,1.88,9.57,12.83,1.90,-0.04,8.03,4.33,5.80,1.68,-1.15
2016,4.30,12.94,-5.61,8.38,12.13,7.90,-1.03,6.25,8.43,9.83,17.49,12.64,17.34,0.94,7.76,7.42,5.43,7.16,8.78,15.27,0.66,8.09,5.06,3.49,1.61,13.26,8.86,0.27,3.56,2.54,1.63,7.43,4.40,3.29,10.42,0.24,6.32,10.75,3.54,5.21,6.78,12.32,2.44,9.89,13.28,1.49,1.15,8.38,4.27,6.39,2.78,-1.26
2017,3.83,13.14,-7.10,8.81,11.89,7.88,-0.99,6.06,8.67,10.07,17.73,12.90,17.11,0.27,7.33,7.26,4.67,6.76,8.81,15.28,0.44,8.32,4.87,2.99,0.38,13.28,8.43,-0.89,3.08,2.59,1.51,7.50,4.72,3.28,10.50,-1.07,6.29,10.40,2.68,5.29,6.55,12.54,1.51,9.96,13.19,1.68,1.02,8.47,3.14,6.40,2.06,-1.71
2018,3.57,12.77,-6.38,8.61,11.10,7.58,-1.50,6.03,8.56,9.95,17.44,12.57,17.59,0.40,6.53,6.88,3.56,5.94,8.59,14.78,0.05,8.21,4.83,2.49,-0.65,12.79,7.54,-1.43,2.26,2.29,1.42,7.37,4.33,3.17,10.33,-2.08,6.14,9.54,2.83,5.14,6.55,12.26,0.65,9.68,12.66,1.47,0.96,8.38,3.65,6.31,1.15,-2.21
2019,3.53,13.05,-5.51,7.85,11.29,7.47,-2.03,5.56,8.65,10.16,17.95,13.00,17.64,-0.32,6.28,6.68,3.45,5.99,8.59,14.91,-0.50,8.28,4.37,1.93,-0.85,13.01,7.50,-1.87,2.14,1.99,0.89,7.17,3.91,2.62,10.66,-2.27,5.99,9.63,2.55,4.88,6.07,12.60,0.39,9.88,12.65,0.69,0.40,8.58,2.99,6.34,0.82,-2.83
2020,3.57,13.01,-8.18,8.42,11.42,7.61,-1.49,6.48,9.16,10.62,18.09,13.11,17.99,0.45,6.96,7.09,4.29,6.42,8.58,15.10,0.66,8.76,5.30,3.16,0.35,13.10,7.82,-0.57,2.88,2.24,1.92,7.92,4.36,3.69,10.83,-0.88,6.42,9.85,2.93,5.63,7.01,12.76,1.57,9.81,12.90,1.18,1.42,8.90,3.57,6.62,1.96,-1.96
